hub,indicator,origin_date,n_models,has_ensemble,has_baseline,models_max_locations,ensemble_locations,season,n_published
syndromic,ARI incidence,2024-10-23,9,TRUE,TRUE,14,16,2024/25,10
syndromic,ARI incidence,2024-10-30,5,TRUE,TRUE,15,15,2024/25,6
syndromic,ARI incidence,2024-11-06,4,TRUE,TRUE,12,16,2024/25,5
syndromic,ARI incidence,2024-11-13,6,TRUE,TRUE,17,17,2024/25,7
syndromic,ARI incidence,2024-11-20,8,TRUE,TRUE,18,19,2024/25,9
syndromic,ARI incidence,2024-11-27,8,TRUE,TRUE,18,19,2024/25,9
syndromic,ARI incidence,2024-12-04,9,TRUE,TRUE,19,19,2024/25,10
syndromic,ARI incidence,2024-12-11,9,TRUE,TRUE,19,19,2024/25,10
syndromic,ARI incidence,2024-12-18,8,TRUE,TRUE,18,19,2024/25,9
syndromic,ARI incidence,2024-12-25,8,TRUE,TRUE,18,18,2024/25,9
syndromic,ARI incidence,2025-01-01,5,TRUE,TRUE,18,18,2024/25,6
syndromic,ARI incidence,2025-01-08,9,TRUE,TRUE,20,19,2024/25,10
syndromic,ARI incidence,2025-01-15,7,TRUE,TRUE,19,18,2024/25,8
syndromic,ARI incidence,2025-01-22,8,TRUE,TRUE,17,18,2024/25,9
syndromic,ARI incidence,2025-01-29,9,TRUE,TRUE,18,18,2024/25,10
syndromic,ARI incidence,2025-02-05,8,TRUE,TRUE,19,19,2024/25,9
syndromic,ARI incidence,2025-02-12,8,TRUE,TRUE,19,19,2024/25,9
syndromic,ARI incidence,2025-02-19,8,TRUE,TRUE,19,19,2024/25,9
syndromic,ARI incidence,2025-02-26,9,TRUE,TRUE,19,19,2024/25,10
syndromic,ARI incidence,2025-03-05,8,TRUE,TRUE,16,16,2024/25,9
syndromic,ARI incidence,2025-03-12,6,TRUE,TRUE,16,16,2024/25,7
syndromic,ARI incidence,2025-03-19,7,TRUE,TRUE,16,16,2024/25,8
syndromic,ARI incidence,2025-03-26,8,TRUE,TRUE,16,19,2024/25,9
syndromic,ARI incidence,2025-04-02,7,TRUE,TRUE,16,16,2024/25,8
syndromic,ARI incidence,2025-04-09,7,TRUE,TRUE,16,16,2024/25,8
syndromic,ARI incidence,2025-04-16,7,TRUE,TRUE,16,16,2024/25,8
syndromic,ARI incidence,2025-04-23,3,TRUE,TRUE,16,16,2024/25,4
syndromic,ARI incidence,2025-04-30,4,TRUE,TRUE,16,16,2024/25,5
syndromic,ARI incidence,2025-05-07,4,TRUE,TRUE,16,16,2024/25,5
syndromic,ARI incidence,2025-05-14,4,TRUE,TRUE,16,16,2024/25,5
syndromic,ARI incidence,2025-05-21,4,TRUE,TRUE,15,16,2024/25,5
syndromic,ARI incidence,2025-05-28,4,TRUE,TRUE,15,16,2024/25,5
syndromic,ARI incidence,2025-06-04,3,TRUE,TRUE,15,16,2024/25,4
syndromic,ARI incidence,2025-06-11,5,TRUE,TRUE,15,17,2024/25,6
syndromic,ARI incidence,2025-06-18,4,TRUE,TRUE,15,15,2024/25,5
syndromic,ARI incidence,2025-06-25,5,TRUE,TRUE,15,16,2024/25,6
syndromic,ARI incidence,2025-07-02,5,TRUE,TRUE,13,16,2024/25,6
syndromic,ARI incidence,2025-07-09,4,TRUE,TRUE,13,13,2024/25,5
syndromic,ARI incidence,2025-07-16,5,TRUE,TRUE,15,16,2024/25,6
syndromic,ARI incidence,2025-07-23,5,TRUE,TRUE,15,17,2024/25,6
syndromic,ARI incidence,2025-07-30,5,TRUE,TRUE,15,16,2024/25,6
syndromic,ARI incidence,2025-08-06,5,TRUE,TRUE,15,16,2025/26,6
syndromic,ARI incidence,2025-08-13,5,TRUE,TRUE,15,16,2025/26,6
syndromic,ARI incidence,2025-08-20,5,TRUE,TRUE,15,17,2025/26,6
syndromic,ARI incidence,2025-08-27,4,TRUE,TRUE,13,13,2025/26,5
syndromic,ARI incidence,2025-09-03,5,TRUE,TRUE,15,17,2025/26,6
syndromic,ARI incidence,2025-09-10,5,TRUE,TRUE,15,17,2025/26,6
syndromic,ARI incidence,2025-09-17,5,TRUE,TRUE,15,17,2025/26,6
syndromic,ARI incidence,2025-09-24,5,TRUE,TRUE,15,17,2025/26,6
syndromic,ARI incidence,2025-10-01,4,TRUE,TRUE,15,17,2025/26,5
syndromic,ARI incidence,2025-10-08,9,TRUE,TRUE,15,17,2025/26,10
syndromic,ARI incidence,2025-10-15,8,TRUE,TRUE,15,15,2025/26,9
syndromic,ARI incidence,2025-10-22,9,TRUE,TRUE,17,17,2025/26,10
syndromic,ARI incidence,2025-10-29,9,TRUE,TRUE,17,17,2025/26,10
syndromic,ARI incidence,2025-11-05,9,TRUE,TRUE,17,17,2025/26,10
syndromic,ARI incidence,2025-11-12,9,TRUE,TRUE,20,20,2025/26,10
syndromic,ARI incidence,2025-11-19,9,TRUE,TRUE,19,21,2025/26,10
syndromic,ARI incidence,2025-11-26,9,TRUE,TRUE,19,20,2025/26,10
syndromic,ARI incidence,2025-12-03,11,TRUE,TRUE,21,22,2025/26,12
syndromic,ARI incidence,2025-12-10,12,TRUE,TRUE,21,22,2025/26,13
syndromic,ARI incidence,2025-12-17,11,TRUE,TRUE,21,22,2025/26,12
syndromic,ARI incidence,2025-12-24,6,TRUE,TRUE,21,22,2025/26,7
syndromic,ARI incidence,2025-12-31,4,TRUE,TRUE,20,21,2025/26,5
syndromic,ARI incidence,2026-01-07,3,TRUE,TRUE,19,20,2025/26,4
syndromic,ARI incidence,2026-01-14,8,TRUE,TRUE,21,21,2025/26,9
syndromic,ARI incidence,2026-01-21,10,TRUE,TRUE,21,21,2025/26,11
syndromic,ARI incidence,2026-01-28,8,TRUE,TRUE,21,22,2025/26,9
syndromic,ARI incidence,2026-02-04,9,TRUE,TRUE,21,21,2025/26,10
syndromic,ARI incidence,2026-02-11,14,TRUE,TRUE,24,24,2025/26,15
syndromic,ARI incidence,2026-02-18,10,TRUE,TRUE,24,24,2025/26,11
syndromic,ARI incidence,2026-02-25,9,TRUE,TRUE,24,24,2025/26,10
syndromic,ARI incidence,2026-03-04,10,TRUE,TRUE,24,23,2025/26,11
syndromic,ARI incidence,2026-03-11,9,TRUE,TRUE,24,24,2025/26,10
syndromic,ARI incidence,2026-03-18,13,TRUE,TRUE,24,24,2025/26,14
syndromic,ARI incidence,2026-03-25,13,TRUE,TRUE,24,24,2025/26,14
syndromic,ARI incidence,2026-04-01,13,TRUE,TRUE,24,24,2025/26,14
syndromic,ARI incidence,2026-04-08,6,TRUE,TRUE,24,24,2025/26,7
syndromic,ARI incidence,2026-04-15,11,TRUE,TRUE,22,22,2025/26,12
syndromic,ARI incidence,2026-04-22,11,TRUE,TRUE,22,22,2025/26,12
syndromic,ARI incidence,2026-04-29,9,TRUE,TRUE,22,22,2025/26,10
syndromic,ARI incidence,2026-05-06,10,TRUE,TRUE,21,21,2025/26,11
syndromic,ARI incidence,2026-05-13,8,TRUE,TRUE,22,22,2025/26,9
syndromic,ARI incidence,2026-05-20,3,TRUE,TRUE,22,22,2025/26,4
syndromic,ARI incidence,2026-05-27,8,TRUE,TRUE,21,21,2025/26,9
syndromic,ARI incidence,2026-06-03,2,TRUE,TRUE,20,20,2025/26,3
syndromic,ARI incidence,2026-06-10,2,TRUE,TRUE,18,18,2025/26,3
syndromic,ARI incidence,2026-06-17,2,TRUE,TRUE,14,14,2025/26,3
syndromic,ARI incidence,2026-06-24,0,FALSE,TRUE,NA,NA,2025/26,0
syndromic,ARI incidence,2026-07-01,2,TRUE,TRUE,2,2,2025/26,3
syndromic,ARI incidence,2026-07-08,2,TRUE,TRUE,2,2,2025/26,3
syndromic,ARI incidence,2026-07-15,2,FALSE,FALSE,2,NA,2025/26,2
covid,COVID-19 hospitalisations,2024-10-23,5,TRUE,TRUE,9,9,2024/25,6
covid,COVID-19 hospitalisations,2024-10-30,4,TRUE,TRUE,9,9,2024/25,5
covid,COVID-19 hospitalisations,2024-11-06,3,TRUE,TRUE,9,9,2024/25,4
covid,COVID-19 hospitalisations,2024-11-13,9,TRUE,TRUE,10,10,2024/25,10
covid,COVID-19 hospitalisations,2024-11-20,9,TRUE,TRUE,10,10,2024/25,10
covid,COVID-19 hospitalisations,2024-11-27,9,TRUE,TRUE,10,10,2024/25,10
covid,COVID-19 hospitalisations,2024-12-04,10,TRUE,TRUE,10,10,2024/25,11
covid,COVID-19 hospitalisations,2024-12-11,9,TRUE,TRUE,11,11,2024/25,10
covid,COVID-19 hospitalisations,2024-12-18,9,TRUE,TRUE,11,11,2024/25,10
covid,COVID-19 hospitalisations,2024-12-25,9,TRUE,TRUE,11,11,2024/25,10
covid,COVID-19 hospitalisations,2025-01-01,4,TRUE,TRUE,9,9,2024/25,5
covid,COVID-19 hospitalisations,2025-01-08,9,TRUE,TRUE,11,11,2024/25,10
covid,COVID-19 hospitalisations,2025-01-15,9,TRUE,TRUE,11,11,2024/25,10
covid,COVID-19 hospitalisations,2025-01-22,10,TRUE,TRUE,12,12,2024/25,11
covid,COVID-19 hospitalisations,2025-01-29,11,TRUE,TRUE,12,12,2024/25,12
covid,COVID-19 hospitalisations,2025-02-05,10,TRUE,TRUE,11,12,2024/25,11
covid,COVID-19 hospitalisations,2025-02-12,11,TRUE,TRUE,11,12,2024/25,12
covid,COVID-19 hospitalisations,2025-02-19,9,TRUE,TRUE,11,12,2024/25,10
covid,COVID-19 hospitalisations,2025-02-26,11,TRUE,TRUE,11,11,2024/25,12
covid,COVID-19 hospitalisations,2025-03-05,10,TRUE,TRUE,11,11,2024/25,11
covid,COVID-19 hospitalisations,2025-03-12,9,TRUE,TRUE,11,11,2024/25,10
covid,COVID-19 hospitalisations,2025-03-19,9,TRUE,TRUE,11,11,2024/25,10
covid,COVID-19 hospitalisations,2025-03-26,10,TRUE,TRUE,11,11,2024/25,11
covid,COVID-19 hospitalisations,2025-04-02,10,TRUE,TRUE,12,12,2024/25,11
covid,COVID-19 hospitalisations,2025-04-09,10,TRUE,TRUE,13,13,2024/25,11
covid,COVID-19 hospitalisations,2025-04-16,9,TRUE,TRUE,12,13,2024/25,10
covid,COVID-19 hospitalisations,2025-04-23,6,TRUE,TRUE,12,13,2024/25,7
covid,COVID-19 hospitalisations,2025-04-30,7,TRUE,TRUE,12,13,2024/25,8
covid,COVID-19 hospitalisations,2025-05-07,7,TRUE,TRUE,12,12,2024/25,8
covid,COVID-19 hospitalisations,2025-05-14,7,TRUE,TRUE,12,12,2024/25,8
covid,COVID-19 hospitalisations,2025-05-21,8,TRUE,TRUE,12,14,2024/25,9
covid,COVID-19 hospitalisations,2025-05-28,7,TRUE,TRUE,12,12,2024/25,8
covid,COVID-19 hospitalisations,2025-06-04,2,TRUE,TRUE,9,9,2024/25,3
covid,COVID-19 hospitalisations,2025-06-11,7,TRUE,TRUE,11,11,2024/25,8
covid,COVID-19 hospitalisations,2025-06-18,6,TRUE,TRUE,10,11,2024/25,7
covid,COVID-19 hospitalisations,2025-06-25,7,TRUE,TRUE,11,11,2024/25,8
covid,COVID-19 hospitalisations,2025-07-02,8,TRUE,TRUE,10,10,2024/25,9
covid,COVID-19 hospitalisations,2025-07-09,8,TRUE,TRUE,10,10,2024/25,9
covid,COVID-19 hospitalisations,2025-07-16,8,TRUE,TRUE,10,10,2024/25,9
covid,COVID-19 hospitalisations,2025-07-23,8,TRUE,TRUE,9,9,2024/25,9
covid,COVID-19 hospitalisations,2025-07-30,6,TRUE,TRUE,9,9,2024/25,7
covid,COVID-19 hospitalisations,2025-08-06,7,TRUE,TRUE,9,9,2025/26,8
covid,COVID-19 hospitalisations,2025-08-13,8,TRUE,TRUE,9,9,2025/26,9
covid,COVID-19 hospitalisations,2025-08-20,9,TRUE,TRUE,9,9,2025/26,10
covid,COVID-19 hospitalisations,2025-08-27,9,TRUE,TRUE,9,9,2025/26,10
covid,COVID-19 hospitalisations,2025-09-03,9,TRUE,TRUE,9,9,2025/26,10
covid,COVID-19 hospitalisations,2025-09-10,9,TRUE,TRUE,9,9,2025/26,10
covid,COVID-19 hospitalisations,2025-09-17,8,TRUE,TRUE,9,9,2025/26,9
covid,COVID-19 hospitalisations,2025-09-24,9,TRUE,TRUE,9,9,2025/26,10
covid,COVID-19 hospitalisations,2025-10-01,6,TRUE,TRUE,9,9,2025/26,7
covid,COVID-19 hospitalisations,2025-10-08,7,TRUE,TRUE,9,9,2025/26,8
covid,COVID-19 hospitalisations,2025-10-15,7,TRUE,TRUE,10,10,2025/26,8
covid,COVID-19 hospitalisations,2025-10-22,7,TRUE,TRUE,9,10,2025/26,8
covid,COVID-19 hospitalisations,2025-10-29,7,TRUE,TRUE,10,10,2025/26,8
covid,COVID-19 hospitalisations,2025-11-05,7,TRUE,TRUE,10,10,2025/26,8
covid,COVID-19 hospitalisations,2025-11-12,7,TRUE,TRUE,10,10,2025/26,8
covid,COVID-19 hospitalisations,2025-11-19,7,TRUE,TRUE,9,10,2025/26,8
covid,COVID-19 hospitalisations,2025-11-26,9,TRUE,TRUE,9,10,2025/26,10
covid,COVID-19 hospitalisations,2025-12-03,9,TRUE,TRUE,9,10,2025/26,10
covid,COVID-19 hospitalisations,2025-12-10,10,TRUE,TRUE,9,10,2025/26,11
covid,COVID-19 hospitalisations,2025-12-17,10,TRUE,TRUE,9,10,2025/26,11
covid,COVID-19 hospitalisations,2025-12-24,10,TRUE,TRUE,9,10,2025/26,11
covid,COVID-19 hospitalisations,2025-12-31,3,TRUE,TRUE,9,9,2025/26,4
covid,COVID-19 hospitalisations,2026-01-07,3,TRUE,TRUE,9,9,2025/26,4
covid,COVID-19 hospitalisations,2026-01-14,10,TRUE,TRUE,9,9,2025/26,11
covid,COVID-19 hospitalisations,2026-01-21,7,TRUE,TRUE,10,10,2025/26,8
covid,COVID-19 hospitalisations,2026-01-28,10,TRUE,TRUE,10,10,2025/26,11
covid,COVID-19 hospitalisations,2026-02-04,10,TRUE,TRUE,10,10,2025/26,11
covid,COVID-19 hospitalisations,2026-02-11,10,TRUE,TRUE,10,10,2025/26,11
covid,COVID-19 hospitalisations,2026-02-18,10,TRUE,TRUE,10,10,2025/26,11
covid,COVID-19 hospitalisations,2026-02-25,9,TRUE,TRUE,10,10,2025/26,10
covid,COVID-19 hospitalisations,2026-03-04,9,TRUE,TRUE,10,10,2025/26,10
covid,COVID-19 hospitalisations,2026-03-11,9,TRUE,TRUE,10,10,2025/26,10
covid,COVID-19 hospitalisations,2026-03-18,9,TRUE,TRUE,10,10,2025/26,10
covid,COVID-19 hospitalisations,2026-03-25,9,TRUE,TRUE,10,10,2025/26,10
covid,COVID-19 hospitalisations,2026-04-01,9,TRUE,TRUE,10,10,2025/26,10
covid,COVID-19 hospitalisations,2026-04-08,4,TRUE,TRUE,10,10,2025/26,5
covid,COVID-19 hospitalisations,2026-04-15,9,TRUE,TRUE,10,10,2025/26,10
covid,COVID-19 hospitalisations,2026-04-22,8,TRUE,TRUE,10,10,2025/26,9
covid,COVID-19 hospitalisations,2026-04-29,8,TRUE,TRUE,10,10,2025/26,9
covid,COVID-19 hospitalisations,2026-05-06,7,TRUE,TRUE,10,10,2025/26,8
covid,COVID-19 hospitalisations,2026-05-13,7,TRUE,TRUE,11,11,2025/26,8
covid,COVID-19 hospitalisations,2026-05-20,4,TRUE,TRUE,9,9,2025/26,5
covid,COVID-19 hospitalisations,2026-05-27,6,TRUE,TRUE,9,9,2025/26,7
covid,COVID-19 hospitalisations,2026-06-03,2,TRUE,TRUE,9,9,2025/26,3
covid,COVID-19 hospitalisations,2026-06-10,2,TRUE,TRUE,8,8,2025/26,3
covid,COVID-19 hospitalisations,2026-06-17,2,TRUE,TRUE,6,6,2025/26,3
covid,COVID-19 hospitalisations,2026-06-24,0,FALSE,TRUE,NA,NA,2025/26,0
syndromic,ILI incidence,2024-10-23,15,TRUE,TRUE,23,23,2024/25,16
syndromic,ILI incidence,2024-10-30,9,TRUE,TRUE,22,22,2024/25,10
syndromic,ILI incidence,2024-11-06,12,TRUE,TRUE,23,23,2024/25,13
syndromic,ILI incidence,2024-11-13,15,TRUE,TRUE,25,25,2024/25,16
syndromic,ILI incidence,2024-11-20,15,TRUE,TRUE,26,26,2024/25,16
syndromic,ILI incidence,2024-11-27,15,TRUE,TRUE,26,26,2024/25,16
syndromic,ILI incidence,2024-12-04,16,TRUE,TRUE,26,26,2024/25,17
syndromic,ILI incidence,2024-12-11,16,TRUE,TRUE,26,26,2024/25,17
syndromic,ILI incidence,2024-12-18,15,TRUE,TRUE,26,26,2024/25,16
syndromic,ILI incidence,2024-12-25,15,TRUE,TRUE,26,26,2024/25,16
syndromic,ILI incidence,2025-01-01,8,TRUE,TRUE,26,26,2024/25,9
syndromic,ILI incidence,2025-01-08,16,TRUE,TRUE,27,27,2024/25,17
syndromic,ILI incidence,2025-01-15,15,TRUE,TRUE,27,27,2024/25,16
syndromic,ILI incidence,2025-01-22,15,TRUE,TRUE,27,25,2024/25,16
syndromic,ILI incidence,2025-01-29,16,TRUE,TRUE,27,27,2024/25,17
syndromic,ILI incidence,2025-02-05,16,TRUE,TRUE,26,26,2024/25,17
syndromic,ILI incidence,2025-02-12,16,TRUE,TRUE,26,26,2024/25,17
syndromic,ILI incidence,2025-02-19,15,TRUE,TRUE,26,26,2024/25,16
syndromic,ILI incidence,2025-02-26,15,TRUE,TRUE,26,26,2024/25,16
syndromic,ILI incidence,2025-03-05,15,TRUE,TRUE,22,22,2024/25,16
syndromic,ILI incidence,2025-03-12,14,TRUE,TRUE,22,22,2024/25,15
syndromic,ILI incidence,2025-03-19,14,TRUE,TRUE,22,22,2024/25,15
syndromic,ILI incidence,2025-03-26,16,TRUE,TRUE,26,26,2024/25,17
syndromic,ILI incidence,2025-04-02,15,TRUE,TRUE,22,22,2024/25,16
syndromic,ILI incidence,2025-04-09,15,TRUE,TRUE,21,22,2024/25,16
syndromic,ILI incidence,2025-04-16,12,TRUE,TRUE,22,22,2024/25,13
syndromic,ILI incidence,2025-04-23,4,TRUE,TRUE,22,22,2024/25,5
syndromic,ILI incidence,2025-04-30,11,TRUE,TRUE,22,22,2024/25,12
syndromic,ILI incidence,2025-05-07,11,TRUE,TRUE,22,22,2024/25,12
syndromic,ILI incidence,2025-05-14,10,TRUE,TRUE,22,22,2024/25,11
syndromic,ILI incidence,2025-05-21,10,TRUE,TRUE,22,22,2024/25,11
syndromic,ILI incidence,2025-05-28,10,TRUE,TRUE,22,22,2024/25,11
syndromic,ILI incidence,2025-06-04,3,TRUE,TRUE,20,22,2024/25,4
syndromic,ILI incidence,2025-06-11,10,TRUE,TRUE,21,22,2024/25,11
syndromic,ILI incidence,2025-06-18,7,TRUE,TRUE,18,18,2024/25,8
syndromic,ILI incidence,2025-06-25,10,TRUE,TRUE,20,22,2024/25,11
syndromic,ILI incidence,2025-07-02,10,TRUE,TRUE,20,23,2024/25,11
syndromic,ILI incidence,2025-07-09,9,TRUE,TRUE,20,20,2024/25,10
syndromic,ILI incidence,2025-07-16,10,TRUE,TRUE,20,23,2024/25,11
syndromic,ILI incidence,2025-07-23,10,TRUE,TRUE,20,23,2024/25,11
syndromic,ILI incidence,2025-07-30,5,TRUE,TRUE,20,23,2024/25,6
syndromic,ILI incidence,2025-08-06,8,TRUE,TRUE,20,23,2025/26,9
syndromic,ILI incidence,2025-08-13,8,TRUE,TRUE,20,23,2025/26,9
syndromic,ILI incidence,2025-08-20,8,TRUE,TRUE,20,23,2025/26,9
syndromic,ILI incidence,2025-08-27,7,TRUE,TRUE,17,18,2025/26,8
syndromic,ILI incidence,2025-09-03,8,TRUE,TRUE,20,23,2025/26,9
syndromic,ILI incidence,2025-09-10,8,TRUE,TRUE,20,23,2025/26,9
syndromic,ILI incidence,2025-09-17,7,TRUE,TRUE,20,23,2025/26,8
syndromic,ILI incidence,2025-09-24,8,TRUE,TRUE,20,23,2025/26,9
syndromic,ILI incidence,2025-10-01,7,TRUE,TRUE,20,23,2025/26,8
syndromic,ILI incidence,2025-10-08,12,TRUE,TRUE,20,23,2025/26,13
syndromic,ILI incidence,2025-10-15,13,TRUE,TRUE,19,19,2025/26,14
syndromic,ILI incidence,2025-10-22,15,TRUE,TRUE,22,23,2025/26,16
syndromic,ILI incidence,2025-10-29,15,TRUE,TRUE,22,23,2025/26,16
syndromic,ILI incidence,2025-11-05,15,TRUE,TRUE,22,23,2025/26,16
syndromic,ILI incidence,2025-11-12,15,TRUE,TRUE,27,28,2025/26,16
syndromic,ILI incidence,2025-11-19,16,TRUE,TRUE,27,28,2025/26,17
syndromic,ILI incidence,2025-11-26,15,TRUE,TRUE,27,28,2025/26,16
syndromic,ILI incidence,2025-12-03,17,TRUE,TRUE,27,28,2025/26,18
syndromic,ILI incidence,2025-12-10,18,TRUE,TRUE,26,28,2025/26,19
syndromic,ILI incidence,2025-12-17,17,TRUE,TRUE,26,26,2025/26,18
syndromic,ILI incidence,2025-12-24,13,TRUE,TRUE,26,26,2025/26,14
syndromic,ILI incidence,2025-12-31,6,TRUE,TRUE,26,26,2025/26,7
syndromic,ILI incidence,2026-01-07,5,TRUE,TRUE,26,26,2025/26,6
syndromic,ILI incidence,2026-01-14,14,TRUE,TRUE,26,26,2025/26,15
syndromic,ILI incidence,2026-01-21,16,TRUE,TRUE,25,25,2025/26,17
syndromic,ILI incidence,2026-01-28,14,TRUE,TRUE,26,26,2025/26,15
syndromic,ILI incidence,2026-02-04,15,TRUE,TRUE,26,28,2025/26,16
syndromic,ILI incidence,2026-02-11,20,TRUE,TRUE,30,30,2025/26,21
syndromic,ILI incidence,2026-02-18,16,TRUE,TRUE,30,30,2025/26,17
syndromic,ILI incidence,2026-02-25,15,TRUE,TRUE,30,30,2025/26,16
syndromic,ILI incidence,2026-03-04,16,TRUE,TRUE,30,30,2025/26,17
syndromic,ILI incidence,2026-03-11,15,TRUE,TRUE,30,30,2025/26,16
syndromic,ILI incidence,2026-03-18,19,TRUE,TRUE,30,30,2025/26,20
syndromic,ILI incidence,2026-03-25,19,TRUE,TRUE,30,30,2025/26,20
syndromic,ILI incidence,2026-04-01,18,TRUE,TRUE,30,30,2025/26,19
syndromic,ILI incidence,2026-04-08,8,TRUE,TRUE,30,30,2025/26,9
syndromic,ILI incidence,2026-04-15,16,TRUE,TRUE,27,27,2025/26,17
syndromic,ILI incidence,2026-04-22,16,TRUE,TRUE,27,29,2025/26,17
syndromic,ILI incidence,2026-04-29,14,TRUE,TRUE,27,27,2025/26,15
syndromic,ILI incidence,2026-05-06,12,TRUE,TRUE,27,29,2025/26,13
syndromic,ILI incidence,2026-05-13,15,TRUE,TRUE,27,27,2025/26,16
syndromic,ILI incidence,2026-05-20,5,TRUE,TRUE,27,27,2025/26,6
syndromic,ILI incidence,2026-05-27,12,TRUE,TRUE,24,24,2025/26,13
syndromic,ILI incidence,2026-06-03,2,TRUE,TRUE,23,23,2025/26,3
syndromic,ILI incidence,2026-06-10,2,TRUE,TRUE,22,22,2025/26,3
syndromic,ILI incidence,2026-06-17,2,TRUE,TRUE,17,17,2025/26,3
syndromic,ILI incidence,2026-06-24,0,FALSE,TRUE,NA,NA,2025/26,0
syndromic,ILI incidence,2026-07-01,2,TRUE,TRUE,3,3,2025/26,3
syndromic,ILI incidence,2026-07-08,2,TRUE,TRUE,3,3,2025/26,3
syndromic,ILI incidence,2026-07-15,2,FALSE,FALSE,3,NA,2025/26,2
